{
  "bn2": {
    "sparsity": {
      "n_nonzero": 1950,
      "sparsity": 0.0478515625,
      "dim": 2048
    },
    "spine_pair_separation": {
      "test_constraint_satisfaction": 0.5,
      "test_n_satisfied": 2,
      "test_n_total": 4,
      "test_mean_margin": 4.509798812624053,
      "test_min_margin": -1.9298799256209698,
      "test_median_margin": 3.8487111380693664,
      "test_mean_plus_proj": 13.983105063274266,
      "test_mean_minus_proj": 9.473306250650213,
      "train_constraint_satisfaction": 1.0,
      "train_n_satisfied": 11,
      "train_n_total": 11,
      "train_mean_margin": 9.334105505690019,
      "train_min_margin": 8.893217168462098,
      "train_median_margin": 8.893259178733423,
      "train_mean_plus_proj": 15.591122858263054,
      "train_mean_minus_proj": 6.257017352573035,
      "saved": "pair_separation.png"
    },
    "spine_nontriviality": {
      "is_trivial": false,
      "l2_norm": 0.11244551119227805,
      "max_abs": 0.015330425582195266,
      "n_nonzero": 1952,
      "dim": 2048,
      "effective_rank": 902
    }
  }
}