{
  "bn2": {
    "sparsity": {
      "n_nonzero": 2045,
      "sparsity": 0.00146484375,
      "dim": 2048
    },
    "spine_pair_separation": {
      "test_constraint_satisfaction": 1.0,
      "test_n_satisfied": 4,
      "test_n_total": 4,
      "test_mean_margin": 9.717959448190825,
      "test_min_margin": 3.1776507500361664,
      "test_median_margin": 8.796919072986487,
      "test_mean_plus_proj": 5.926950275405339,
      "test_mean_minus_proj": -3.791009172785486,
      "train_constraint_satisfaction": 1.0,
      "train_n_satisfied": 11,
      "train_n_total": 11,
      "train_mean_margin": 11.245187531807069,
      "train_min_margin": 9.764651819358662,
      "train_median_margin": 9.764664920005796,
      "train_mean_plus_proj": 6.738501899872341,
      "train_mean_minus_proj": -4.506685631934726,
      "saved": "pair_separation.png"
    },
    "spine_nontriviality": {
      "is_trivial": false,
      "l2_norm": 0.10241027392770788,
      "max_abs": 0.010302663633598176,
      "n_nonzero": 2048,
      "dim": 2048,
      "effective_rank": 1032
    },
    "diagnose_concept_vector": {}
  }
}