{
  "bn2": {
    "sparsity": {
      "n_nonzero": 1885,
      "sparsity": 0.07958984375,
      "dim": 2048
    },
    "spine_pair_separation": {
      "test_constraint_satisfaction": 1.0,
      "test_n_satisfied": 4,
      "test_n_total": 4,
      "test_mean_margin": 9.646175667934555,
      "test_min_margin": 4.387597570056279,
      "test_median_margin": 9.106698596924485,
      "test_mean_plus_proj": 16.540967787358717,
      "test_mean_minus_proj": 6.894792119424164,
      "train_constraint_satisfaction": 1.0,
      "train_n_satisfied": 11,
      "train_n_total": 11,
      "train_mean_margin": 12.794435180928058,
      "train_min_margin": 11.012994414174504,
      "train_median_margin": 11.013000099077058,
      "train_mean_plus_proj": 14.555481290359687,
      "train_mean_minus_proj": 1.7610461094316283,
      "saved": "pair_separation.png"
    },
    "spine_nontriviality": {
      "is_trivial": false,
      "l2_norm": 0.09080186233635931,
      "max_abs": 0.009424975232075316,
      "n_nonzero": 1888,
      "dim": 2048,
      "effective_rank": 891
    }
  }
}