{
  "sparsity": {
    "n_nonzero": 2047,
    "sparsity": 0.00048828125,
    "dim": 2048
  },
  "spine_pair_separation": {
    "test_constraint_satisfaction": 0.6666666666666666,
    "test_n_satisfied": 2,
    "test_n_total": 3,
    "test_mean_margin": 7.588161142150604,
    "test_min_margin": -2.8721571582834002,
    "test_median_margin": 9.442273596372205,
    "test_mean_plus_proj": 11.752929226748519,
    "test_mean_minus_proj": 4.164768084597915,
    "train_constraint_satisfaction": 1.0,
    "train_n_satisfied": 10,
    "train_n_total": 10,
    "train_mean_margin": 11.9983442159987,
    "train_min_margin": 10.617622625559942,
    "train_median_margin": 10.617650268970557,
    "train_mean_plus_proj": 17.53031066799202,
    "train_mean_minus_proj": 5.531966451993322,
    "saved": "pair_separation.png"
  },
  "spine_nontriviality": {
    "is_trivial": false,
    "l2_norm": 0.09418329807796455,
    "max_abs": 0.009458522579788815,
    "n_nonzero": 2048,
    "dim": 2048,
    "effective_rank": 1058
  }
}