{
  "bn2": {
    "sparsity": {
      "n_nonzero": 1917,
      "sparsity": 0.06396484375,
      "dim": 2048
    },
    "spine_pair_separation": {
      "test_constraint_satisfaction": 1.0,
      "test_n_satisfied": 4,
      "test_n_total": 4,
      "test_mean_margin": 7.015647208150619,
      "test_min_margin": 2.4017826880396953,
      "test_median_margin": 5.195000546090258,
      "test_mean_plus_proj": 8.622757723575312,
      "test_mean_minus_proj": 1.6071105154246923,
      "train_constraint_satisfaction": 1.0,
      "train_n_satisfied": 11,
      "train_n_total": 11,
      "train_mean_margin": 9.753974279234695,
      "train_min_margin": 8.815172406217567,
      "train_median_margin": 8.815273592094854,
      "train_mean_plus_proj": 9.211575587771364,
      "train_mean_minus_proj": -0.542398691463334,
      "saved": "pair_separation.png"
    },
    "spine_nontriviality": {
      "is_trivial": false,
      "l2_norm": 0.11344105989155759,
      "max_abs": 0.015244567293477075,
      "n_nonzero": 1920,
      "dim": 2048,
      "effective_rank": 829
    }
  }
}