{
  "bn2": {
    "sparsity": {
      "n_nonzero": 1790,
      "sparsity": 0.1259765625,
      "dim": 2048
    },
    "spine_pair_separation": {
      "test_constraint_satisfaction": 0.0,
      "test_n_satisfied": 0,
      "test_n_total": 2,
      "test_mean_margin": -1.7338282924696684,
      "test_min_margin": -3.4638416421675684,
      "test_median_margin": -1.7338282924696684,
      "test_mean_plus_proj": -5.789036786109673,
      "test_mean_minus_proj": -4.055208493640004,
      "train_constraint_satisfaction": 1.0,
      "train_n_satisfied": 7,
      "train_n_total": 7,
      "train_mean_margin": 10.8023364262057,
      "train_min_margin": 8.556196575994754,
      "train_median_margin": 8.556272206524664,
      "train_mean_plus_proj": 0.5678211487033495,
      "train_mean_minus_proj": -10.234515277502352,
      "saved": "pair_separation.png"
    },
    "spine_nontriviality": {
      "is_trivial": false,
      "l2_norm": 0.11687501164797828,
      "max_abs": 0.016821433113028264,
      "n_nonzero": 1792,
      "dim": 2048,
      "effective_rank": 819
    },
    "diagnose_concept_vector": {}
  }
}