{
  "sparsity": {
    "n_nonzero": 1957,
    "sparsity": 0.04443359375,
    "dim": 2048
  },
  "spine_pair_separation": {
    "test_constraint_satisfaction": 1.0,
    "test_n_satisfied": 4,
    "test_n_total": 4,
    "test_mean_margin": 10.392646530252174,
    "test_min_margin": 1.8030765902403072,
    "test_median_margin": 11.170276975693124,
    "test_mean_plus_proj": 17.34230496222616,
    "test_mean_minus_proj": 6.949658431973984,
    "train_constraint_satisfaction": 1.0,
    "train_n_satisfied": 11,
    "train_n_total": 11,
    "train_mean_margin": 14.7761267245309,
    "train_min_margin": 12.752308314824147,
    "train_median_margin": 12.752336908345026,
    "train_mean_plus_proj": 19.507309259985927,
    "train_mean_minus_proj": 4.731182535455028,
    "saved": "pair_separation.png"
  },
  "spine_nontriviality": {
    "is_trivial": false,
    "l2_norm": 0.07841749954453252,
    "max_abs": 0.010230508590848808,
    "n_nonzero": 1984,
    "dim": 2048,
    "effective_rank": 948
  }
}