{
  "sparsity": {
    "n_nonzero": 2048,
    "sparsity": 0.0,
    "dim": 2048
  },
  "spine_pair_separation": {
    "test_constraint_satisfaction": 1.0,
    "test_n_satisfied": 4,
    "test_n_total": 4,
    "test_mean_margin": 11.128950030484521,
    "test_min_margin": 9.713298566574824,
    "test_median_margin": 11.353705367721615,
    "test_mean_plus_proj": 2.010148254889874,
    "test_mean_minus_proj": -9.118801775594646,
    "train_constraint_satisfaction": 1.0,
    "train_n_satisfied": 11,
    "train_n_total": 11,
    "train_mean_margin": 12.683195499008972,
    "train_min_margin": 12.098301228252204,
    "train_median_margin": 12.098383807481618,
    "train_mean_plus_proj": 3.3266603359424125,
    "train_mean_minus_proj": -9.35653516306656,
    "saved": "pair_separation.png"
  },
  "spine_nontriviality": {
    "is_trivial": false,
    "l2_norm": 0.08265664621239127,
    "max_abs": 0.009817121166081615,
    "n_nonzero": 2048,
    "dim": 2048,
    "effective_rank": 1101
  },
  "diagnose_concept_vector": {}
}