{
  "bn2": {
    "sparsity": {
      "n_nonzero": 2047,
      "sparsity": 0.00048828125,
      "dim": 2048
    },
    "spine_pair_separation": {
      "test_constraint_satisfaction": 0.75,
      "test_n_satisfied": 3,
      "test_n_total": 4,
      "test_mean_margin": 6.152054490495522,
      "test_min_margin": -1.191591780264564,
      "test_median_margin": 6.309096201519638,
      "test_mean_plus_proj": 4.897679734885533,
      "test_mean_minus_proj": -1.2543747556099887,
      "train_constraint_satisfaction": 1.0,
      "train_n_satisfied": 11,
      "train_n_total": 11,
      "train_mean_margin": 9.328066237261318,
      "train_min_margin": 8.17904492726915,
      "train_median_margin": 8.179642424465788,
      "train_mean_plus_proj": 6.548077114062637,
      "train_mean_minus_proj": -2.779989123198681,
      "saved": "pair_separation.png"
    },
    "spine_nontriviality": {
      "is_trivial": false,
      "l2_norm": 0.12226422500744796,
      "max_abs": 0.0187040209565136,
      "n_nonzero": 2048,
      "dim": 2048,
      "effective_rank": 894
    }
  }
}