{
  "sparsity": {
    "n_nonzero": 1951,
    "sparsity": 0.04736328125,
    "dim": 2048
  },
  "spine_pair_separation": {
    "test_constraint_satisfaction": 1.0,
    "test_n_satisfied": 4,
    "test_n_total": 4,
    "test_mean_margin": 6.423556066303019,
    "test_min_margin": 3.094347890984346,
    "test_median_margin": 3.369544720758588,
    "test_mean_plus_proj": 4.719558504562684,
    "test_mean_minus_proj": -1.7039975617403351,
    "train_constraint_satisfaction": 1.0,
    "train_n_satisfied": 11,
    "train_n_total": 11,
    "train_mean_margin": 13.57733007082899,
    "train_min_margin": 12.276418195993044,
    "train_median_margin": 12.276446101412184,
    "train_mean_plus_proj": 4.285033164525288,
    "train_mean_minus_proj": -9.292296906303704,
    "saved": "pair_separation.png"
  },
  "spine_nontriviality": {
    "is_trivial": false,
    "l2_norm": 0.08145704660828902,
    "max_abs": 0.008377903874571156,
    "n_nonzero": 1952,
    "dim": 2048,
    "effective_rank": 934
  }
}