{
  "sparsity": {
    "n_nonzero": 2048,
    "sparsity": 0.0,
    "dim": 2048
  },
  "spine_pair_separation": {
    "test_constraint_satisfaction": 0.5,
    "test_n_satisfied": 2,
    "test_n_total": 4,
    "test_mean_margin": 0.26050378156399256,
    "test_min_margin": -6.1832904243826015,
    "test_median_margin": 1.2830104088784573,
    "test_mean_plus_proj": 7.28519933838902,
    "test_mean_minus_proj": 7.024695556825028,
    "train_constraint_satisfaction": 1.0,
    "train_n_satisfied": 10,
    "train_n_total": 10,
    "train_mean_margin": 12.97712464180081,
    "train_min_margin": 12.515735006476174,
    "train_median_margin": 12.51574911332087,
    "train_mean_plus_proj": 13.36526966444984,
    "train_mean_minus_proj": 0.3881450226490289,
    "saved": "pair_separation.png"
  },
  "spine_nontriviality": {
    "is_trivial": false,
    "l2_norm": 0.07989949131772353,
    "max_abs": 0.008201876360486634,
    "n_nonzero": 2048,
    "dim": 2048,
    "effective_rank": 1034
  }
}