{
  "sparsity": {
    "n_nonzero": 1855,
    "sparsity": 0.09423828125,
    "dim": 2048
  },
  "spine_pair_separation": {
    "test_constraint_satisfaction": 0.75,
    "test_n_satisfied": 3,
    "test_n_total": 4,
    "test_mean_margin": 1.5503876768693121,
    "test_min_margin": -3.6386160637084184,
    "test_median_margin": 2.1164704778675443,
    "test_mean_plus_proj": 4.771913073129593,
    "test_mean_minus_proj": 3.2215253962602812,
    "train_constraint_satisfaction": 1.0,
    "train_n_satisfied": 11,
    "train_n_total": 11,
    "train_mean_margin": 7.434354480818841,
    "train_min_margin": 7.024940600254788,
    "train_median_margin": 7.024958713411233,
    "train_mean_plus_proj": 7.172279271900991,
    "train_mean_minus_proj": -0.26207520891785074,
    "saved": "pair_separation.png"
  },
  "spine_nontriviality": {
    "is_trivial": false,
    "l2_norm": 0.14235022817939083,
    "max_abs": 0.01925834872391672,
    "n_nonzero": 1869,
    "dim": 2048,
    "effective_rank": 859
  },
  "diagnose_concept_vector": {}
}