{
  "bn2": {
    "sparsity": {
      "n_nonzero": 2047,
      "sparsity": 0.00048828125,
      "dim": 2048
    },
    "spine_pair_separation": {
      "test_constraint_satisfaction": 1.0,
      "test_n_satisfied": 4,
      "test_n_total": 4,
      "test_mean_margin": 6.5544024261669795,
      "test_min_margin": 3.125477111880496,
      "test_median_margin": 7.228575369473096,
      "test_mean_plus_proj": 13.085385101218488,
      "test_mean_minus_proj": 6.53098267505151,
      "train_constraint_satisfaction": 1.0,
      "train_n_satisfied": 11,
      "train_n_total": 11,
      "train_mean_margin": 8.768449384214358,
      "train_min_margin": 8.634981853841229,
      "train_median_margin": 8.635006441964943,
      "train_mean_plus_proj": 13.596247242593186,
      "train_mean_minus_proj": 4.827797858378831,
      "saved": "pair_separation.png"
    },
    "spine_nontriviality": {
      "is_trivial": false,
      "l2_norm": 0.11580813999752881,
      "max_abs": 0.014015362797925283,
      "n_nonzero": 2048,
      "dim": 2048,
      "effective_rank": 980
    }
  }
}