{
  "bn2": {
    "sparsity": {
      "n_nonzero": 2047,
      "sparsity": 0.00048828125,
      "dim": 2048
    },
    "spine_pair_separation": {
      "test_constraint_satisfaction": 1.0,
      "test_n_satisfied": 4,
      "test_n_total": 4,
      "test_mean_margin": 6.201285437754633,
      "test_min_margin": 2.0706156701804073,
      "test_median_margin": 5.197851798402617,
      "test_mean_plus_proj": 14.376374996930846,
      "test_mean_minus_proj": 8.175089559176213,
      "train_constraint_satisfaction": 1.0,
      "train_n_satisfied": 11,
      "train_n_total": 11,
      "train_mean_margin": 9.129093758377044,
      "train_min_margin": 8.800781020341983,
      "train_median_margin": 8.80081159193637,
      "train_mean_plus_proj": 12.704322181204985,
      "train_mean_minus_proj": 3.575228422827939,
      "saved": "pair_separation.png"
    },
    "spine_nontriviality": {
      "is_trivial": false,
      "l2_norm": 0.11362657128154834,
      "max_abs": 0.01372574531078286,
      "n_nonzero": 2048,
      "dim": 2048,
      "effective_rank": 980
    }
  }
}