{
  "sparsity": {
    "n_nonzero": 1888,
    "sparsity": 0.078125,
    "dim": 2048
  },
  "spine_pair_separation": {
    "test_constraint_satisfaction": 0.75,
    "test_n_satisfied": 3,
    "test_n_total": 4,
    "test_mean_margin": 2.606174687271533,
    "test_min_margin": -0.968082838839015,
    "test_median_margin": 1.7860106952814825,
    "test_mean_plus_proj": 10.674289185498482,
    "test_mean_minus_proj": 8.068114498226949,
    "train_constraint_satisfaction": 1.0,
    "train_n_satisfied": 11,
    "train_n_total": 11,
    "train_mean_margin": 11.747073386757107,
    "train_min_margin": 10.35373506689653,
    "train_median_margin": 10.353826741086191,
    "train_mean_plus_proj": 15.795197503105113,
    "train_mean_minus_proj": 4.048124116348008,
    "saved": "pair_separation.png"
  },
  "spine_nontriviality": {
    "is_trivial": false,
    "l2_norm": 0.09658397250289427,
    "max_abs": 0.01176034122846425,
    "n_nonzero": 1973,
    "dim": 2048,
    "effective_rank": 921
  }
}