{
  "sparsity": {
    "n_nonzero": 2048,
    "sparsity": 0.0,
    "dim": 2048
  },
  "spine_pair_separation": {
    "test_constraint_satisfaction": 1.0,
    "test_n_satisfied": 4,
    "test_n_total": 4,
    "test_mean_margin": 5.0268053195790765,
    "test_min_margin": 2.1790936876873603,
    "test_median_margin": 4.9053085727091315,
    "test_mean_plus_proj": 10.803325055048711,
    "test_mean_minus_proj": 5.776519735469635,
    "train_constraint_satisfaction": 1.0,
    "train_n_satisfied": 11,
    "train_n_total": 11,
    "train_mean_margin": 11.851304084463862,
    "train_min_margin": 10.882730129547303,
    "train_median_margin": 10.882864489261584,
    "train_mean_plus_proj": 15.089419514141055,
    "train_mean_minus_proj": 3.238115429677192,
    "saved": "pair_separation.png"
  },
  "spine_nontriviality": {
    "is_trivial": false,
    "l2_norm": 0.09188899639483479,
    "max_abs": 0.011048958353595938,
    "n_nonzero": 2048,
    "dim": 2048,
    "effective_rank": 1031
  }
}