{
  "bn2": {
    "sparsity": {
      "n_nonzero": 2015,
      "sparsity": 0.01611328125,
      "dim": 2048
    },
    "spine_pair_separation": {
      "test_constraint_satisfaction": 1.0,
      "test_n_satisfied": 4,
      "test_n_total": 4,
      "test_mean_margin": 8.690515385815747,
      "test_min_margin": 2.024683255410075,
      "test_median_margin": 9.834360479192156,
      "test_mean_plus_proj": 17.87998217346903,
      "test_mean_minus_proj": 9.189466787653283,
      "train_constraint_satisfaction": 1.0,
      "train_n_satisfied": 11,
      "train_n_total": 11,
      "train_mean_margin": 11.647901118101293,
      "train_min_margin": 11.093401415107904,
      "train_median_margin": 11.09342201963922,
      "train_mean_plus_proj": 17.034210667598735,
      "train_mean_minus_proj": 5.386309549497445,
      "saved": "pair_separation.png"
    },
    "spine_nontriviality": {
      "is_trivial": false,
      "l2_norm": 0.09014385028067655,
      "max_abs": 0.01210396537228015,
      "n_nonzero": 2016,
      "dim": 2048,
      "effective_rank": 1024
    }
  }
}