{
  "bn2": {
    "sparsity": {
      "n_nonzero": 1941,
      "sparsity": 0.05224609375,
      "dim": 2048
    },
    "spine_pair_separation": {
      "test_constraint_satisfaction": 0.75,
      "test_n_satisfied": 3,
      "test_n_total": 4,
      "test_mean_margin": 3.1835751906871907,
      "test_min_margin": -7.649972207424707,
      "test_median_margin": 5.29730253101541,
      "test_mean_plus_proj": 0.7711549465342267,
      "test_mean_minus_proj": -2.4124202441529645,
      "train_constraint_satisfaction": 1.0,
      "train_n_satisfied": 11,
      "train_n_total": 11,
      "train_mean_margin": 10.291309184996777,
      "train_min_margin": 9.587878701349425,
      "train_median_margin": 9.588153046916101,
      "train_mean_plus_proj": 7.889409830113011,
      "train_mean_minus_proj": -2.4018993548837657,
      "saved": "pair_separation.png"
    },
    "spine_nontriviality": {
      "is_trivial": false,
      "l2_norm": 0.10429861487804303,
      "max_abs": 0.013778204745108115,
      "n_nonzero": 1952,
      "dim": 2048,
      "effective_rank": 716
    },
    "diagnose_concept_vector": {}
  }
}