{
  "bn2": {
    "sparsity": {
      "n_nonzero": 2047,
      "sparsity": 0.00048828125,
      "dim": 2048
    },
    "spine_pair_separation": {
      "test_constraint_satisfaction": 1.0,
      "test_n_satisfied": 4,
      "test_n_total": 4,
      "test_mean_margin": 10.551826223589845,
      "test_min_margin": 5.463510488358895,
      "test_median_margin": 10.395332262445049,
      "test_mean_plus_proj": 11.352790373149505,
      "test_mean_minus_proj": 0.8009641495596578,
      "train_constraint_satisfaction": 1.0,
      "train_n_satisfied": 11,
      "train_n_total": 11,
      "train_mean_margin": 10.288713501055264,
      "train_min_margin": 9.220274074861411,
      "train_median_margin": 9.220345015573802,
      "train_mean_plus_proj": 9.212311293472261,
      "train_mean_minus_proj": -1.076402207583002,
      "saved": "pair_separation.png"
    },
    "spine_nontriviality": {
      "is_trivial": false,
      "l2_norm": 0.10845698993854501,
      "max_abs": 0.0109795941416218,
      "n_nonzero": 2048,
      "dim": 2048,
      "effective_rank": 1081
    }
  }
}