{
  "bn2": {
    "sparsity": {
      "n_nonzero": 2041,
      "sparsity": 0.00341796875,
      "dim": 2048
    },
    "spine_pair_separation": {
      "test_constraint_satisfaction": 1.0,
      "test_n_satisfied": 4,
      "test_n_total": 4,
      "test_mean_margin": 6.91477847191927,
      "test_min_margin": 5.57747957619697,
      "test_median_margin": 6.898781571441946,
      "test_mean_plus_proj": 10.853421856377224,
      "test_mean_minus_proj": 3.9386433844579543,
      "train_constraint_satisfaction": 1.0,
      "train_n_satisfied": 11,
      "train_n_total": 11,
      "train_mean_margin": 10.344800907646208,
      "train_min_margin": 9.109478018220285,
      "train_median_margin": 9.109533700653943,
      "train_mean_plus_proj": 9.344125257060618,
      "train_mean_minus_proj": -1.0006756505855912,
      "saved": "pair_separation.png"
    },
    "spine_nontriviality": {
      "is_trivial": false,
      "l2_norm": 0.10977599314082324,
      "max_abs": 0.01852866891135709,
      "n_nonzero": 2048,
      "dim": 2048,
      "effective_rank": 771
    }
  }
}