{
  "bn2": {
    "sparsity": {
      "n_nonzero": 2015,
      "sparsity": 0.01611328125,
      "dim": 2048
    },
    "spine_pair_separation": {
      "test_constraint_satisfaction": 1.0,
      "test_n_satisfied": 4,
      "test_n_total": 4,
      "test_mean_margin": 4.819749017779076,
      "test_min_margin": 1.9682120810353902,
      "test_median_margin": 4.546263425800197,
      "test_mean_plus_proj": 5.357311427039825,
      "test_mean_minus_proj": 0.5375624092607484,
      "train_constraint_satisfaction": 1.0,
      "train_n_satisfied": 11,
      "train_n_total": 11,
      "train_mean_margin": 10.419567122722572,
      "train_min_margin": 9.639819624194363,
      "train_median_margin": 9.639849235701648,
      "train_mean_plus_proj": 5.285010608356443,
      "train_mean_minus_proj": -5.13455651436613,
      "saved": "pair_separation.png"
    },
    "spine_nontriviality": {
      "is_trivial": false,
      "l2_norm": 0.1037366248967699,
      "max_abs": 0.009996572160027063,
      "n_nonzero": 2027,
      "dim": 2048,
      "effective_rank": 996
    }
  }
}