{
  "sparsity": {
    "n_nonzero": 1982,
    "sparsity": 0.0322265625,
    "dim": 2048
  },
  "spine_pair_separation": {
    "test_constraint_satisfaction": 1.0,
    "test_n_satisfied": 4,
    "test_n_total": 4,
    "test_mean_margin": 7.992301979488901,
    "test_min_margin": 1.8173350581132865,
    "test_median_margin": 7.13888872692092,
    "test_mean_plus_proj": 10.323079049253108,
    "test_mean_minus_proj": 2.330777069764207,
    "train_constraint_satisfaction": 1.0,
    "train_n_satisfied": 11,
    "train_n_total": 11,
    "train_mean_margin": 9.608945255296106,
    "train_min_margin": 9.515433443427732,
    "train_median_margin": 9.515565681211415,
    "train_mean_plus_proj": 11.00670970381416,
    "train_mean_minus_proj": 1.397764448518055,
    "saved": "pair_separation.png"
  },
  "spine_nontriviality": {
    "is_trivial": false,
    "l2_norm": 0.10509301419779553,
    "max_abs": 0.016110722363469204,
    "n_nonzero": 2016,
    "dim": 2048,
    "effective_rank": 839
  }
}