{
  "bn2": {
    "sparsity": {
      "n_nonzero": 1984,
      "sparsity": 0.03125,
      "dim": 2048
    },
    "spine_pair_separation": {
      "test_constraint_satisfaction": 0.6666666666666666,
      "test_n_satisfied": 2,
      "test_n_total": 3,
      "test_mean_margin": 3.0600238082944755,
      "test_min_margin": -5.055644397921798,
      "test_median_margin": 0.9473946790299146,
      "test_mean_plus_proj": 4.39544366017068,
      "test_mean_minus_proj": 1.335419851876204,
      "train_constraint_satisfaction": 1.0,
      "train_n_satisfied": 10,
      "train_n_total": 10,
      "train_mean_margin": 12.98111239174232,
      "train_min_margin": 11.473924450057165,
      "train_median_margin": 11.474032009418213,
      "train_mean_plus_proj": 10.453135615958079,
      "train_mean_minus_proj": -2.5279767757842415,
      "saved": "pair_separation.png"
    },
    "spine_nontriviality": {
      "is_trivial": false,
      "l2_norm": 0.08715437092384283,
      "max_abs": 0.011914189592396995,
      "n_nonzero": 1984,
      "dim": 2048,
      "effective_rank": 938
    }
  }
}