{
  "bn2": {
    "sparsity": {
      "n_nonzero": 2044,
      "sparsity": 0.001953125,
      "dim": 2048
    },
    "spine_pair_separation": {
      "test_constraint_satisfaction": 1.0,
      "test_n_satisfied": 4,
      "test_n_total": 4,
      "test_mean_margin": 5.39656036799235,
      "test_min_margin": 1.6592293182444013,
      "test_median_margin": 4.087588364719332,
      "test_mean_plus_proj": 9.420654611021897,
      "test_mean_minus_proj": 4.024094243029546,
      "train_constraint_satisfaction": 1.0,
      "train_n_satisfied": 11,
      "train_n_total": 11,
      "train_mean_margin": 11.909074324609657,
      "train_min_margin": 10.282422384570262,
      "train_median_margin": 10.28248411917334,
      "train_mean_plus_proj": 11.719932719479006,
      "train_mean_minus_proj": -0.18914160513064956,
      "saved": "pair_separation.png"
    },
    "spine_nontriviality": {
      "is_trivial": false,
      "l2_norm": 0.09725383950339878,
      "max_abs": 0.013700949795956888,
      "n_nonzero": 2048,
      "dim": 2048,
      "effective_rank": 1009
    }
  }
}