{
  "bn2": {
    "sparsity": {
      "n_nonzero": 1949,
      "sparsity": 0.04833984375,
      "dim": 2048
    },
    "spine_pair_separation": {
      "test_constraint_satisfaction": 0.5,
      "test_n_satisfied": 2,
      "test_n_total": 4,
      "test_mean_margin": 2.490422233307272,
      "test_min_margin": -2.011977086771664,
      "test_median_margin": 1.3396554146795987,
      "test_mean_plus_proj": 6.077257597291678,
      "test_mean_minus_proj": 3.586835363984406,
      "train_constraint_satisfaction": 1.0,
      "train_n_satisfied": 11,
      "train_n_total": 11,
      "train_mean_margin": 9.20798013440295,
      "train_min_margin": 8.542126437883084,
      "train_median_margin": 8.542136738711545,
      "train_mean_plus_proj": 9.31168158098499,
      "train_mean_minus_proj": 0.10370144658204056,
      "saved": "pair_separation.png"
    },
    "spine_nontriviality": {
      "is_trivial": false,
      "l2_norm": 0.11706693545174654,
      "max_abs": 0.014959077001476974,
      "n_nonzero": 1952,
      "dim": 2048,
      "effective_rank": 910
    }
  }
}