{
  "sparsity": {
    "n_nonzero": 2015,
    "sparsity": 0.01611328125,
    "dim": 2048
  },
  "spine_pair_separation": {
    "test_constraint_satisfaction": 1.0,
    "test_n_satisfied": 4,
    "test_n_total": 4,
    "test_mean_margin": 9.080508187546675,
    "test_min_margin": 2.14129552407716,
    "test_median_margin": 10.476264489996971,
    "test_mean_plus_proj": 10.71364014254274,
    "test_mean_minus_proj": 1.6331319549960654,
    "train_constraint_satisfaction": 1.0,
    "train_n_satisfied": 11,
    "train_n_total": 11,
    "train_mean_margin": 13.70334483310645,
    "train_min_margin": 11.40935303076328,
    "train_median_margin": 11.409383542555133,
    "train_mean_plus_proj": 11.928325535809494,
    "train_mean_minus_proj": -1.7750192972969558,
    "saved": "pair_separation.png"
  },
  "spine_nontriviality": {
    "is_trivial": false,
    "l2_norm": 0.08764750925716007,
    "max_abs": 0.010401278525613499,
    "n_nonzero": 2017,
    "dim": 2048,
    "effective_rank": 1094
  }
}