{
  "bn2": {
    "sparsity": {
      "n_nonzero": 2013,
      "sparsity": 0.01708984375,
      "dim": 2048
    },
    "spine_pair_separation": {
      "test_constraint_satisfaction": 0.75,
      "test_n_satisfied": 3,
      "test_n_total": 4,
      "test_mean_margin": 5.265809747275416,
      "test_min_margin": -5.124388178261264,
      "test_median_margin": 5.500885209460597,
      "test_mean_plus_proj": 3.8970383343105173,
      "test_mean_minus_proj": -1.368771412964899,
      "train_constraint_satisfaction": 1.0,
      "train_n_satisfied": 11,
      "train_n_total": 11,
      "train_mean_margin": 11.347164940570513,
      "train_min_margin": 10.550123197964368,
      "train_median_margin": 10.550175606537998,
      "train_mean_plus_proj": 7.050855977750203,
      "train_mean_minus_proj": -4.29630896282031,
      "saved": "pair_separation.png"
    },
    "spine_nontriviality": {
      "is_trivial": false,
      "l2_norm": 0.09478578695800711,
      "max_abs": 0.010855000992053644,
      "n_nonzero": 2047,
      "dim": 2048,
      "effective_rank": 976
    }
  }
}