{
  "sparsity": {
    "n_nonzero": 2044,
    "sparsity": 0.001953125,
    "dim": 2048
  },
  "spine_pair_separation": {
    "test_constraint_satisfaction": 0.75,
    "test_n_satisfied": 3,
    "test_n_total": 4,
    "test_mean_margin": 5.572305958077548,
    "test_min_margin": -5.378174561012713,
    "test_median_margin": 5.26605592662944,
    "test_mean_plus_proj": 14.311854323554762,
    "test_mean_minus_proj": 8.739548365477214,
    "train_constraint_satisfaction": 1.0,
    "train_n_satisfied": 11,
    "train_n_total": 11,
    "train_mean_margin": 11.221368363321226,
    "train_min_margin": 9.972530727050495,
    "train_median_margin": 9.972551402213512,
    "train_mean_plus_proj": 11.256001637952211,
    "train_mean_minus_proj": 0.03463327463098627,
    "saved": "pair_separation.png"
  },
  "spine_nontriviality": {
    "is_trivial": false,
    "l2_norm": 0.10027557430219196,
    "max_abs": 0.012181174266508747,
    "n_nonzero": 2048,
    "dim": 2048,
    "effective_rank": 1027
  }
}